Component,Description,Part,References,Value,Footprint,Quantity Per PCB,Datasheet,Supplier,MOC,Size
1,Single-cell battery holder CR2032,CH25-2032LF,BT1,CH25-2032LF,CH25-2032LF,1,http://www.farnell.com/datasheets/1505855.pdf,Farnell,CH25-2032LF,
2,0603 100n 25V,100n_10V,C3 C4 C5 C6 C7 C8 C9 C10 C11 C12 C13 C14 C15 C16 C17 C18 C20 C56 C58 C60 C62 C63 C64 C65,100n_10V,C_0603_1608Metric,24,~,Farnell,MC0603B104M250CT,0603
3,0603 100n 25V,100n_25V,C21,100n_25V,C_0603_1608Metric,1,~,Farnell,MC0603B104M250CT,0603
4,0402 100n 6V3,100n_6V3,C22 C23 C24 C25 C28 C31 C32 C34 C35 C36 C40 C41 C42 C43 C44 C45 C47 C48 C49 C50 C51 C52 C53,100n_6V3,C_0402_1005Metric,23,~,Farnell,MC0402B104K100CT,0402
5,0603 10u 10V,10u_10V,C30,10u_10V,C_0603_1608Metric,1,~,Farnell,LMK107BBJ106MALT,0603
6,10u 16V tantal,10u_16V_TANB,C61,10u_16V_TANB,CP_EIA-3528-21_Kemet-B,1,http://www.farnell.com/datasheets/2049092.pdf,Farnell,TR3B106K016C0500,TANB
7,0402 10u 6V3,10u_6V3,C26,10u_6V3,C_0402_1005Metric,1,~,Farnell,GRM155R60J106ME44D,0402
8,0603 1p5 50V,1p5_50V,C1 C2,1p5_50V,C_0603_1608Metric,2,~,Farnell,CC0603CRNPO9BN1R5,0603
9,0603 1u0 10V,1u0_10V,C37 C55,1u0_10V,C_0603_1608Metric,2,~,Farnell,CL10B105KP8NNNC,0603
10,4u7 10V tantal,1u0_10V_TANA,C27 C38,1u0_10V_TANA,CP_EIA-3216-18_Kemet-A,2,http://www.farnell.com/datasheets/2049092.pdf,Farnell,T491A105K010AT,TANA
11,0402 220p 10V,220p_10V,C39,220p_10V,C_0402_1005Metric,1,~,Farnell,885012005015,0402
12,0603 2u2 25V,2u2_25V,C46,2u2_25V,C_0603_1608Metric,1,~,Farnell,GRM188C71E225KE11D,0603
13,4u7 10V tantal,4u7_10V_TANA,C54,4u7_10V_TANA,CP_EIA-3216-18_Kemet-A,1,http://www.farnell.com/datasheets/2049092.pdf,Farnell,TAJA475K010RNJ,TANA
14,0603 4u7 16V,4u7_16V,C19,4u7_16V,C_0603_1608Metric,1,~,Farnell,CL10A475KO8NNNC,0603
15,0603 4u7 6V3,4u7_6V3,C29 C33,4u7_6V3,C_0603_1608Metric,2,~,Farnell,CL10A475KQ8NNNC,0603
16,LED green 0805,0805_LED_GREEN,D5 D9 D10 D11 D12 D13,0805_LED_GREEN,D_0805_2012Metric,6,~,Farnell,SML-M13MTT86,
17,"LED green 3mm THT, 7000-15000 mcd",3MM_GREEN_LUG30243,D17,3MM_GREEN_LUG30243,LED_D3.0mm,1,https://www.tme.eu/Document/b5501a7851206353c58b0dd24e69dcce/LUG30243.pdf,TME,LUB30243,
18,"TVS, 12.5 V, SOD-923, 2 Pinů, 5 V, 300 mW, ESD9B Series",ESD9B5.0ST5G,D1 D2 D3 D4 D6 D7 D15 D16,ESD9B5.0ST5G,D_0402_1005Metric,8,~,Farnell,ESD9B5.0ST5G,
19,RGB LED with integrated controller,WS2812B,D8,WS2812B,WS2812B_PLCC4_5.0x5.0mm_P3.2mm,1,https://cdn-shop.adafruit.com/datasheets/WS2812B.pdf,TME,WS2812B-V5,
20,"Ferrite bead, 0603",0603_18R_7.5A,FB3,0603_18R_7.5A,R_0603_1608Metric,1,~,Farnell,FBMJ1608HM180NTR,
21,"Ferrite bead, 0603","0603_1k0_0,4A",FB1 FB2 FB4 FB6 FB8 FB9,"0603_1k0_0,4A",R_0603_1608Metric,6,~,Farnell,BLM18AG102SN1D,
22,"Ferrite bead, 0805",0805_120R_3A,FB5 FB7,0805_120R_3A,R_0805_2012Metric,2,~,Farnell,BLM21PG121SN1D,
23,"2x5_1,27mm","20021311-00010T4LF_2x5_1,27mm",J9,"20021311-00010T4LF_2x5_1,27mm",PinHeader_2x05_P1.27mm_Vertical,1,~,Farnell,"20021311-00010T4LF, DS1065-03-2X5S8BV",
24,S1G20 1x1 kulaty otvor,S1G20_01x01K,J2,S1G20_01x01K,S1G20_1x1_kulaty,1,~,,,
25,S1G20 1x2,S1G20_01x02,J3,S1G20_01x02,PinHeader_1x02_P2.54mm_Vertical,1,~,GME,S1G20,
26,S1G20 1x3,S1G20_01x03,J7,S1G20_01x03,PinHeader_1x03_P2.54mm_Vertical,1,~,GME,S1G20,
27,S1G20 1x9,S1G20_01x09,J1,S1G20_01x09,PinHeader_1x09_P2.54mm_Vertical,1,~,GME,S1G20,
28,SMA angle Molex 73251-2200,SMA_angle,J5 J6,SMA_angle,SMA_Molex_73251-2200_Horizontal,2, ~,Farnell,73251-2200,
29,USB Full-Featured Type-C Receptacle connector,USB_C_Receptacle_flat,J4,USB_C_Receptacle_flat,USB-C_632723100011_1MM,1,http://katalog.we-online.de/datasheet/632723100011.pdf,Farnell,632723100011,
30,"2u2 0806 0,138 Ohm",2u2_0806,L1,2u2_0806,R_0805_2012Metric_Pad1.15x1.40mm_HandSolder,1,~,Farnell,LQM2MPN2R2NG0L,0806
31,"N-MOSFET 60V, 0,2A",2N7002E,Q1 Q2,2N7002E,SOT-23,2,~,Farnell,2N7002E,
32,0603 0R,0R,R71,*0R,R_0603_1608Metric,1,~,Farnell,MCWR06X000 PTL,0603
33,0603 220R,220R,R1 R4 R5 R8 R99 R100,*220R,R_0603_1608Metric,6,~,Farnell,MCWR06X2200FTL,0603
34,0603 0R,0R,R61 R72 R86 R87 R107,0R,R_0603_1608Metric,5,~,Farnell,MCWR06X000 PTL,0603
35,0603 100k,100k,R42,100k,R_0603_1608Metric,1,~,Farnell,MCMR06X1003FTL,0603
36,0603 10R,10R,R95 R96,10R,R_0603_1608Metric,2,~,Farnell,MCMR06X10R0FTL,0603
37,0603 10k,10k,R43 R44 R45 R46 R47 R73 R90 R101,10k,R_0603_1608Metric,8,~,Farnell,MCMR06X1002FTL,0603
38,0603 1k0,1k,R62 R67 R68 R82 R83 R84 R85 R88 R106,1k,R_0603_1608Metric,9,~,Farnell,MCWR06X1001FT,0603
39,0603 220R,220R,R2 R3 R6 R7 R64 R65,220R,R_0603_1608Metric,6,~,Farnell,MCWR06X2200FTL,0603
40,0603 22R,22R,R9 R10 R11 R12 R13,22R,R_0603_1608Metric,5,~,Farnell,MCWR06X22R0FTL,0603
41,0603 22k,22k,R97,22k,R_0603_1608Metric,1,~,Farnell,MCMR06X2202FTL,0603
42,0603 33R,33R,R14 R91 R92 R93 R94 R102 R103 R104 R105 R108 R109 R110 R113,33R,R_0603_1608Metric,13,~,Farnell,MCWR06X33R0FTL,0603
43,0402 33R,33R,R15 R16 R17 R18 R19 R20 R21 R22 R23 R24 R25 R26 R27 R28 R29 R30 R31 R32 R33 R34 R35 R36 R37 R38 R39 R40 R41 R48 R49 R50 R51 R52 R53 R54 R55 R56 R57 R58 R59 R63 R66 R69 R70 R74 R75 R76 R77 R78 R79 R80 R81,33R,R_0402_1005Metric,51,~,Farnell,MCWR04X33R0FTL,0402
44,0603 3k3,3k3,R111 R112,3k3,R_0603_1608Metric,2,~,Farnell,MCWR06X3301FTL,0603
45,0603 47R,47R,R60,47R,R_0603_1608Metric,1,~,Farnell,MCWR06X47R0FTL,0603
46,0603 47k,47k,R98,47k,R_0603_1608Metric,1,~,Farnell,MCMR06X4702FTL,0603
47,0603 56k,56k,R89,56k,R_0603_1608Metric,1,~,Farnell,MCWR06X5602FTL,0603
48,PTS 810 Series Microminiature SMT Top ActuatedMicrominiature SMT Top Actuated,PTS810,S1 S2 S3 S4,PTS810,MIKROSPINAC_PTS810,4,http://www.farnell.com/datasheets/2789835.pdf,Farnell,PTS810SJM250SMT,
49,"USB to UART master bridge, QFN-24",CP2104-F03-GM,U2,CP2104-F03-GM,QFN-24-1EP_4x4mm_P0.5mm_EP2.6x2.6mm,1,http://www.farnell.com/datasheets/2674215.pdf,Farnell,CP2104-F03-GM,
50,SmartBond TINYTM Module,DA14531MOD,U12,DA14531MOD,DA14531MOD,1,https://www.dialog-semiconductor.com/sites/default/files/da14531mod_datasheet_3v0.pdf,Farnell,DA14531MOD-00F01002,
51,"256Mb SYNCHRONOUS DRAM, TF-BGA 90",IS45S32800J,U4,IS45S32800J,BGA-90_8.0x13.0mm_Layout2x3x15_P0.8mm,1,http://www.issi.com/WW/pdf/42-45S32800J.pdf,Digikey,IS42S32800J-6BLI,
52,,LOGO_IDVORAK,U1,LOGO_IDVORAK,logo_idvorak_silk_top_5mm,1,,,,
53,"1 MHz, R2R, 1.8V to 6.0V, SOT-23-5",MCP6001R,U9 U10,MCP6001R,SOT-23-5,2,http://ww1.microchip.com/downloads/en/DeviceDoc/22141b.pdf,Farnell,MCP6001RT-I/OT,
54,"512Mb, 3V Multiple I/O Serial Flash Memory, T-BGA 24 5x5",MT25QL512_8PIN,U8,MT25QL512_8PIN,W-PDFN-8_8x6MM,1,https://media-www.micron.com/-/media/client/global/documents/products/data-sheet/nor-flash/serial-nor/mt25q/die-rev-b/mt25q_qlkt_l_512_abb_0.pd,Digikey,MT25QL512ABB8E12-0SIT TR,
55,"1A LDO, Vin 18V, positive, 3.3V fixed output, SOT-223",NCP1117-3.3,U5,NCP1117-3.3,SOT-223-3_TabPin2,1,http://www.diodes.com/datasheets/AP1117.pdf,Farnell,NCP1117LPST33T3G,
56,Ultra low capacitance double rail-to-rail ESD protection diode,PESD2ETH-X,U7,PESD2ETH-X,SOT-143,1,https://4donline.ihs.com/images/VipMasterIC/IC/NEXP/NEXP-S-A0003105620/NEXP-S-A0003101056-1.pdf?hkey=6D3A4C79FDBF58556ACFDE234799DDF0,Farnell,PESD2ETH-XR,
57,"STM32 Family STM32H7 Series Microcontrollers, TFBGA240+25",STM32H757XIH6,U3,STM32H757XIH6,TFBGA-265_14x14mm_Layout17x17_P0.8mm,1,https://www.st.com/resource/en/datasheet/stm32h757xi.pdf,Farnell,STM32H757XIH6,
58,mikroE mikroBUS interface,mikroBUS,U11,mikroBUS,mikroBUS,1,https://download.mikroe.com/documents/standards/mikrobus/mikrobus-standard-specification-v200.pdf,,,
59,SMD 3225 (3.2mm × 2.5mm × 1mm) 25 MHz,MCSJK-3N-25.00-3.3-50-B,X1,MCSJK-3N-25.00-3.3-50-B,Oscillator_SMD_Abracon_ASE-4Pin_3.2x2.5mm,1,http://www.abracon.com/Oscillators/ASV.pdf,Farnell,MCSJK-3N-25.00-3.3-50-B,
60,Two pin crystal,ABS06-32.768KHZ-9-T,Y1,ABS06-32.768KHZ-9-T,Crystal_SMD_2012-2Pin_2.0x1.2mm_HandSoldering,1,~,Farnell,ABS06-32.768KHZ-9-T,





Component Groups:,60
Component Count:,230
Fitted Components:,230
Number of PCBs:,1
Total components:,230
Schematic Version:,A
Schematic Date:,2020-12-21
BoM Date:,"2021 January 04, Monday 07:19:22"
Schematic Source:,/Users/daymoon/Library/Mobile Documents/com~apple~CloudDocs/Data/Design/BeastH7/BEASTH7_01/BEASTH7_01.sch
KiCad Version:,Eeschema (5.1.5-0-10_14)
